{
  "GET/seller/product" : {
    "transaction" : "GET/seller/product",
    "sampleCount" : 10,
    "errorCount" : 0,
    "errorPct" : 0.0,
    "meanResTime" : 408.40000000000003,
    "medianResTime" : 282.5,
    "minResTime" : 264.0,
    "maxResTime" : 1442.0,
    "pct1ResTime" : 1333.5000000000005,
    "pct2ResTime" : 1442.0,
    "pct3ResTime" : 1442.0,
    "throughput" : 0.9597850081581726,
    "receivedKBytesPerSec" : 1.7749461620596985,
    "sentKBytesPerSec" : 0.33170694764372777
  },
  "GET/buyer/product/id" : {
    "transaction" : "GET/buyer/product/id",
    "sampleCount" : 10,
    "errorCount" : 0,
    "errorPct" : 0.0,
    "meanResTime" : 264.8,
    "medianResTime" : 265.0,
    "minResTime" : 255.0,
    "maxResTime" : 273.0,
    "pct1ResTime" : 273.0,
    "pct2ResTime" : 273.0,
    "pct3ResTime" : 273.0,
    "throughput" : 0.9611687812379854,
    "receivedKBytesPerSec" : 0.9027852869088812,
    "sentKBytesPerSec" : 0.33687839412725873
  },
  "POST/buyer/order" : {
    "transaction" : "POST/buyer/order",
    "sampleCount" : 10,
    "errorCount" : 0,
    "errorPct" : 0.0,
    "meanResTime" : 287.1,
    "medianResTime" : 283.5,
    "minResTime" : 267.0,
    "maxResTime" : 349.0,
    "pct1ResTime" : 342.90000000000003,
    "pct2ResTime" : 349.0,
    "pct3ResTime" : 349.0,
    "throughput" : 0.9588647041902388,
    "receivedKBytesPerSec" : 0.6423644405024451,
    "sentKBytesPerSec" : 0.39693627744750215
  },
  "GET/buyer/order/id" : {
    "transaction" : "GET/buyer/order/id",
    "sampleCount" : 10,
    "errorCount" : 0,
    "errorPct" : 0.0,
    "meanResTime" : 302.5,
    "medianResTime" : 276.0,
    "minResTime" : 261.0,
    "maxResTime" : 549.0,
    "pct1ResTime" : 523.2,
    "pct2ResTime" : 549.0,
    "pct3ResTime" : 549.0,
    "throughput" : 0.9370314842578711,
    "receivedKBytesPerSec" : 1.1816296441622938,
    "sentKBytesPerSec" : 0.32658841477698647
  },
  "POST/auth/register" : {
    "transaction" : "POST/auth/register",
    "sampleCount" : 10,
    "errorCount" : 0,
    "errorPct" : 0.0,
    "meanResTime" : 1139.3000000000002,
    "medianResTime" : 1131.5,
    "minResTime" : 1104.0,
    "maxResTime" : 1196.0,
    "pct1ResTime" : 1193.7,
    "pct2ResTime" : 1196.0,
    "pct3ResTime" : 1196.0,
    "throughput" : 0.9859016070196194,
    "receivedKBytesPerSec" : 0.595777260179434,
    "sentKBytesPerSec" : 0.44365572315882873
  },
  "PUT/buyer/order/id" : {
    "transaction" : "PUT/buyer/order/id",
    "sampleCount" : 10,
    "errorCount" : 0,
    "errorPct" : 0.0,
    "meanResTime" : 283.8,
    "medianResTime" : 283.5,
    "minResTime" : 270.0,
    "maxResTime" : 313.0,
    "pct1ResTime" : 310.8,
    "pct2ResTime" : 313.0,
    "pct3ResTime" : 313.0,
    "throughput" : 0.936855911560802,
    "receivedKBytesPerSec" : 0.6216734295952783,
    "sentKBytesPerSec" : 0.3686125456717257
  },
  "GET/seller/product/id" : {
    "transaction" : "GET/seller/product/id",
    "sampleCount" : 10,
    "errorCount" : 0,
    "errorPct" : 0.0,
    "meanResTime" : 281.1,
    "medianResTime" : 274.0,
    "minResTime" : 269.0,
    "maxResTime" : 329.0,
    "pct1ResTime" : 324.70000000000005,
    "pct2ResTime" : 329.0,
    "pct3ResTime" : 329.0,
    "throughput" : 0.9612611746611555,
    "receivedKBytesPerSec" : 0.7208520078342785,
    "sentKBytesPerSec" : 0.33784950855522444
  },
  "GET/buyer/order" : {
    "transaction" : "GET/buyer/order",
    "sampleCount" : 10,
    "errorCount" : 0,
    "errorPct" : 0.0,
    "meanResTime" : 325.2,
    "medianResTime" : 279.0,
    "minResTime" : 266.0,
    "maxResTime" : 530.0,
    "pct1ResTime" : 528.0,
    "pct2ResTime" : 530.0,
    "pct3ResTime" : 530.0,
    "throughput" : 0.9364172675344132,
    "receivedKBytesPerSec" : 4.637917437260043,
    "sentKBytesPerSec" : 0.32088751872834537
  },
  "DELETE/seller/product/id" : {
    "transaction" : "DELETE/seller/product/id",
    "sampleCount" : 10,
    "errorCount" : 0,
    "errorPct" : 0.0,
    "meanResTime" : 281.70000000000005,
    "medianResTime" : 279.0,
    "minResTime" : 268.0,
    "maxResTime" : 303.0,
    "pct1ResTime" : 302.7,
    "pct2ResTime" : 303.0,
    "pct3ResTime" : 303.0,
    "throughput" : 0.9586808551433228,
    "receivedKBytesPerSec" : 0.3014601907774902,
    "sentKBytesPerSec" : 0.3575392759562842
  },
  "Total" : {
    "transaction" : "Total",
    "sampleCount" : 120,
    "errorCount" : 0,
    "errorPct" : 0.0,
    "meanResTime" : 377.7250000000001,
    "medianResTime" : 285.0,
    "minResTime" : 255.0,
    "maxResTime" : 1442.0,
    "pct1ResTime" : 580.5000000000002,
    "pct2ResTime" : 1131.95,
    "pct3ResTime" : 1390.339999999998,
    "throughput" : 8.139456013023128,
    "receivedKBytesPerSec" : 9.795101382859661,
    "sentKBytesPerSec" : 11.701991517160685
  },
  "GET/buyer/product" : {
    "transaction" : "GET/buyer/product",
    "sampleCount" : 10,
    "errorCount" : 0,
    "errorPct" : 0.0,
    "meanResTime" : 329.0,
    "medianResTime" : 303.5,
    "minResTime" : 280.0,
    "maxResTime" : 584.0,
    "pct1ResTime" : 557.9000000000001,
    "pct2ResTime" : 584.0,
    "pct3ResTime" : 584.0,
    "throughput" : 0.9565716472163766,
    "receivedKBytesPerSec" : 1.1191140950832217,
    "sentKBytesPerSec" : 0.3735673844939736
  },
  "POST/auth/login" : {
    "transaction" : "POST/auth/login",
    "sampleCount" : 10,
    "errorCount" : 0,
    "errorPct" : 0.0,
    "meanResTime" : 335.7,
    "medianResTime" : 335.5,
    "minResTime" : 326.0,
    "maxResTime" : 350.0,
    "pct1ResTime" : 348.9,
    "pct2ResTime" : 350.0,
    "pct3ResTime" : 350.0,
    "throughput" : 1.0774701002047193,
    "receivedKBytesPerSec" : 0.5574645108285745,
    "sentKBytesPerSec" : 0.3218731480982652
  },
  "POST/seller/product" : {
    "transaction" : "POST/seller/product",
    "sampleCount" : 10,
    "errorCount" : 0,
    "errorPct" : 0.0,
    "meanResTime" : 294.1,
    "medianResTime" : 289.5,
    "minResTime" : 276.0,
    "maxResTime" : 320.0,
    "pct1ResTime" : 319.4,
    "pct2ResTime" : 320.0,
    "pct3ResTime" : 320.0,
    "throughput" : 1.0795638562020944,
    "receivedKBytesPerSec" : 0.8086186305732485,
    "sentKBytesPerSec" : 14.243601053924214
  }
}